AMAND dit Jolicoeur et Limoges, Pierre - Bordeaux
ARCAND dit Bourdelais, Simon - Sainte-Croix-du-Mont
ARDILLOS, Jean - Mérignac
ARDOUIN, François - Coutras
ARNAUD dit Lainé, Bertrand - Bordeaux
ARNAUD, Jean - Bordeaux
AUDIVERT, Giroud - Labarde
AUGER dit Laﬂeur de Liborne, Jean - Libourne
AUPRY dit Laramée, Louis-Bertrand - Bordeaux
AYMARD ou HAIMART ou HEMART, Pierre - Blaye
BAGANARD, François - Bordeaux
BAIL, Marie-Anne - Bordeaux
BALANGER ou BÉLANGER, Pierre - Lapouyade
BARD, Jean - Gardegan-et-Tourtirac
BARDON, Raymond - Bordeaux
BARETTE ou Baret dit Laroche, Pierre - Bordeaux
BAUDOIN ou Beaudoin, Pierre - Bordeaux
BEAUCERON ou BOUCHERON, François - Saint-Pey-de-Castets
BEDET, Jacques - Bordeaux
BEDOUT, Jean-Antoine - Bordeaux
BENOIT, Martin - Barsac
BERNARD, Pierre - Blaye
BERNET ou BRUNET dit Chauvin-la-Sablonnière - Pineuilh
BERTHE, Antoine - La Réole
BERTIN dit Libonne, Mathieu ou Mathurin - Libourne
BESSE, Pierre - Lamarque-Médoc
BIBERON, Antoine - Bordeaux
BIGOT, François - Bordeaux
BISTODEAU, Antoine - Saint-Christoly-de-Blaye
BONNEMER, Florent - Bordeaux
BORDE dit Saint-Surin, Jean - Blésignac
BOSSU dit Lagrément, Pierre - Bordeaux
BOUAT ou BOUET, Daniel - Fargues-Saint-Hilaire
BOUET dit Jolicoeur ou Joly, jean-Charles - Saint-André-du-Bois
BOURGOUIN dit Duverger, Pierre - Bordeaux
BOURSEAU ou BROUSSEAU dit Deslauriers-Laboursaudière, Jean - Saint-Christophe-de-Double
BOUTARD ou BOULARD, Marie - Maransin
BOUTEILLER, Jacques - Bordeaux
BRANE dit Bourdelais, Antoine - Bordeaux
BRISSON ou BUISSON dit Laroche, Sébastien - Bordeaux
BROUSSE, Jean - Bordeaux
BRULON, Pierre - Bordeaux
BUSSIÈRE dit Laverdure, Jacques - Salleboeuf
CALVÉ dit Sainte-Foy, Francis - Sainte-Foy-La-Grande
CANON ou KANON, Jacques - Blaye
CANTARA dit Deslauriers, Bernardin - Mazères
CARPENTIER, Jean-Baptiste - Bordeaux
CARREAU dit Lafraîcheur, Louis - Bordeaux
CASSE ou LACASSE dit Saint-Aubin, Jean - Saint-Aubin-de-Blaye
CASTAING, Antoine - Bordeaux
CASTAING, Jean - Bordeaux
CASTANIER, Mathieu - Langoiran
CASTES ou CASTEL ou CASTETS (de), Jérôme - Blaye
CAZES, Louis - Saint-Paul
CEDRA, Jean-Baptiste - Bordeaux
CERTES ou SERRE dit Léveillé, Jean - Berson
CHARDON, Martial - Bordeaux
CHATELIER dit Belamour, Jean-Baptiste - Cadillac
CHAUVEAU, Pierre - Bordeaux
CHEVALIER dit Navarre, Élie - Les Églisottes-et-Chalaures
CHEVALIER, François - Bordeaux
CHEVRET, François - Bordeaux
CLAVET, Michel - Bazas
CLÉMENCEAU, Jean - Bordeaux
CLÉMENCEAU, Louis - Bordeaux
CONDÉ, André-Auguste - Bordeaux
CONFOULAN, Jean - Bordeaux
CONILLE, Nicolas - Bordeaux
CONSTANTIN, Jean-Martin - Listrac-Médoc
COPILLAUT, Jacques - Bordeaux
CORDEAU, Guillaume - Sainte-Croix-du-Mont
CORNETTE, Pierre - Saint-Pardon-de-Conques
COTTY ou Cotte, Pierre-Édouard - Bordeaux
COURRIER dit Bourdelais, Raymond - Bordeaux
COUTRE ou CONTRET dit Sansoucy, François - Bordeaux
DABADIE ou LABADIE dit Saint-Pierre, Pierre - Bazas
DAGUILLE dit Leguille, Jean-Baptiste - Bordeaux
DASTIGNY-BARRÈRE, Joseph-Laurent - Bordeaux
DELAGE ou DELASSE dit Laﬂeur, Jean puis Pierre - Langon
DELAIS ou DELAIL ou DELAHAYE, Jean-Baptiste - Cubnezais
DELICE-BLONDIN, Jean-Baptiste ou Jean-Pierre - Bordeaux
DELUGA, Guillaume - Sadirac
DEMERY, Michel - Bordeaux
DENECHAUD, Jacques - Saint-Savin
DESCOT, Pierre - Bordeaux
DESSENT dit Sanspitié, Raphaël - Bordeaux
DINANT dit Dignate, Pierre - Bordeaux
DOUCET, Jean-Baptiste - Bordeaux
DUBOCT, Raymond - Bordeaux
DUBOIS, Pierre - Saint-Loubès
DUCAS, Bernard - Bordeaux
DUCLAS dit Cartier, François - Saint-Gervais
DUMEYONION, Étienne - Prignac-et-Marcamps
DUPRÉ dit Gascon, François - Bordeaux
DUPUIS dit Saint-Michel, Pierre - Bordeaux
DUPUIS, Jean - Bordeaux
DURANDEAU ou DUREAU ou DURON ou DUROS ou DERODU Charles-Pierre-Robert dit Duverger, Robert - Libourne
DUSANG dit Lagrandeur, Dominique - Bordeaux
DUTEMPLE, Étienne - Bordeaux
EMERY ou DEMEREY, Louis-Michel - Bordeaux
ÉTIENNE-PONT dit Lamontagne, Jean - Saint-André-du-Bois
FAURE, Bernard - Bordeaux
FAYE, Françoise - Bordeaux
FÉNELON, François - Bordeaux
FERRANT, Vincent - Bordeaux
FORT, Louis - Bordeaux
FOUCAULT, Jean - Bordeaux
FRADET, Jean - Marcillac
GABOURIAU-LAPALME, Jean-Baptiste - Castelmoron-D’Albret
GALAIS dit LaLiberté, Pierre - Bordeaux
GASQUETON dit Gaston, Jean - Arcins
GAUDICHEAU ou GAUDICHOT dit La France, Jean - Coutras
GAUDRY, François - Bordeaux
GAUSSIN dit Saint-Germain, Jean - Saint-Germain-de-la-Rivière
GAUTHIER, Jean - Bordeaux
GERVAIS, Pierre - Blaye
GILLES dit Vadeboncoeur, Jean - Bordeaux
GIMBAL, Guillaume - Bordeaux
GIRAUD, Guillaume - Bordeaux
GIRAUDEAU, David - Bordeaux
GONTAULT dit Debled, Charles - Blaye
GOYAU ou GOUYOU dit Lagarde, Guillaume - Saint-Seurin-de-Cursac
GUÉRARD dit LaRose, Léonard-Maurice - Libourne
GUICHON, Pierre - Soulac
JANNOT-SAINT-MARTIN, Arnaud - Bordeaux
JANOT dit Belhumeur, Pierre - Cabanac-et-Villagrains
JAUBERT, Pierre - Saint-Paul
JOYEAUX ou Joyeux, François - Coutras
JUNG, Jean - Bordeaux
L’ESPINACE (de), Jean - Bordeaux
LABAT-DUBOURG dit Fontarabie, Mathieu - Bourg-sur-Gironde
LABORDE, Jean - Bordeaux
LABORY, Michel - Saint-Sulpice-et-Cameyrac
LAFARGE Élie - Rions
LAFETIÈRE dit Jasmin, Jean-Baptiste - Bordeaux
LAFITAU, Joseph-François - Bordeaux
LAFOND, Simon - Saint-Martin-du-Bois
LAFOREST dit LaBranche, Pierre - Saint-Denis-de-Pile
LAGARDE, Jean - Bordeaux
LAGÈRE, Laurent - Sainte-Croix-du-Mont
LAGÜE dit Noël, Pierre - Bordeaux
LALONGÉ dit Le Gascon, Pierre-Bertrand - Lugon et l’Île-du-Carnay
LAMALETIE, Jean-André - Bordeaux
LAMARQUE, Jacques - Bordeaux
LAMOTHE, Pierre - Bordeaux
LAMOTHE (de), Jean - Bordeaux
LANDE, Jean - Bordeaux
LANDRON ou LANDRON, Estienne - Croignon
LANDREVILLE ou LANDREVIE, Jean-Baptiste - Bordeaux
LAPELTERIE, Marguerite - Bordeaux
LAPORTE, Jean-Baptiste - Bordeaux
LARAIRE ou LARELLE, Catherine - Bordeaux
LARTIGUE, Guillaume - Bordeaux
LAURENT dit Jeanjoﬀe, Pierre - Gensac
LAVAUX ou CLAVEAU, Pierre - Saint-Pierre-de-Mons
LAVIGNE, Julien - Bordeaux
LAVIGNON, Pierre - Lesparre-Médoc
LEE, Thomas - Bordeaux
LEFEBVRE, Germain - Saint-Christoly-Médoc
LELIEVRE, Marc - Bordeaux
LESTRANGE, Antoine - Blaye
LETANG ou LETANT dit Champagne, Pierre - Blasimon
LIMOUSIN dit Sanschagrin, Alexis - Bordeaux
LIQUART, Jean-Baptiste - Bordeaux
LISSERASSE (de), Suzanne - Canéjan
LUSSAC, Jean-Baptiste - Bordeaux
MADRAC, Denis - Quinsac
MAIGRE ou MAIGRET dit Beausoleil, René - Bossugan
MALLET, Pierre - Bordeaux
MARCHETEAU dit Desnoyers, Pierre - Bordeaux
MARTIN dit Saint-André, Jean - Saint-Gervais
MIMANDRE, Jean-Baptiste - Bordeaux
MINVILLE, Jean - Saint-Ferme
MIRAMBEAU, Etienne - Bordeaux
MONGARD ou Maugard, Pierre - Bordeaux
MOREAU dit Francœur, Pierre - Bordeaux
MOREAU, Jean - Faleyras
MOREAU, Louis - Fronsac
MORPAIN, Pierre - Blaye
MOURSIN ou MANSEAU dit Lajoye, Élie - Bordeaux
NADEAU dit Bélair, Joseph - Saint-Paul
NERON, Jean - Bordeaux
NEVEUX, Pierre - Salles
NICOLAS, Guillaume - Saint-Louis-de-Montferrand
NORMAND dit Jolicœur, Pierre - Saint-Palais
PACAUD, Jean - Bordeaux
PAMPALON dit Labranche, François - Bordeaux
PARDIAC ou PERDIAC, Guillaume - Saint-Macaire
PAYET ou PAYETTE dit Saint-Amour, Pierre - Sainte-Florence
PERRONELLE, Antoine - Bordeaux
PEYROT ou PERROT ou PERRAULT, Bernard - Izon
PHOCAS (de) dit Raymond, Romain - Saint-Pierre-de-Mons
PISANNE, Nicolas - Bordeaux
PLASSANT, Pierre - Baurech
POINT, Guillaume - Bordeaux
PONS ou Poncet-Mery, Jean - Bordeaux
PORTIER dit Pouillac, Pierre - Pauillac
POUSSARD dit Jolicœur, Raymond - Bordeaux
RAYMOND, Raymond - Bordeaux
RAZA dit Gascon-Rangeard, Pierre - Saint-Estèphe
RÉGNIER dit Le Gascon, Élie - Libourne
RENAUDET, Joseph-Jean-Baptiste - Bordeaux
RIVIÈRE, Jean - Béguey
ROCHEREAU dit Lespérance, Jean-Baptiste - Bordeaux
RODIN, Laurent - Bordeaux
ROY, Jacques - Bordeaux
ROY, Jacques-Pierre - Illats
SABATIER, Jean - Libourne
SAUVÉ dit Laplante, Pierre - Libourne
SERAIL, Joseph - Bordeaux
SIMON, Jean - Bordeaux
SOUMANDE, Pierre - Mauriac
TALON dit Le Bourdelais, Etienne - Bordeaux
TALON dit Lespérance, Jacques - Gensac
TARDIEU, Guillaume-Michel - Bordeaux
TASTET dit Francœur, Pierre - Bordeaux
TESSENAY ou TESSENET dit Saint-Arnaud, Arnaud - Virelade
THIBAULT dit Saint-Jean, Pierre - Bordeaux
TIFFAULT ou TIFFAU ou THIFFAULT dit Macau, Pierre - Macau
TOURLET dit Fronsac, Pierre - Bordeaux
TOUSIGNANT dit Lapointe, Pierre - Blaye
TOUSSAINT dit Lajeunesse, Pierre - Bordeaux
TOUZIN, Gabriel - Cérons
TRUEL dit Saint-Pierre, Pierre - Sainte-Foy-La-Longue